Date,Temperature_C,Humidity_pct,Precipitation_mm,WindSpeed_kmh,Pressure_hPa,Weather_Condition
2022-01-01,9.9,64.3,0.0,21.9,1016.8,Partly Cloudy
2022-01-02,7.8,66.5,0.0,13.3,1012.8,Partly Cloudy
2022-01-03,10.3,86.8,0.8,14.1,1013.8,Drizzle
2022-01-04,13.0,79.7,9.9,26.3,1010.6,Rainy
2022-01-05,7.4,61.5,0.0,23.3,1013.9,Partly Cloudy
2022-01-06,7.4,65.8,0.0,22.7,1019.8,Partly Cloudy
2022-01-07,13.1,88.6,17.4,12.2,1006.0,Rainy
2022-01-08,10.5,64.0,0.0,15.1,1013.9,Partly Cloudy
2022-01-09,6.5,68.1,0.0,21.6,1013.5,Partly Cloudy
2022-01-10,9.8,61.2,0.0,19.4,1016.1,Partly Cloudy
2022-01-11,6.5,65.5,0.0,18.7,1011.7,Partly Cloudy
2022-01-12,6.5,68.3,0.0,25.9,1018.3,Partly Cloudy
2022-01-13,8.8,,0.0,9.7,1013.2,Partly Cloudy
2022-01-14,1.9,61.0,0.0,3.9,1021.2,Partly Cloudy
2022-01-15,2.5,87.2,19.1,15.7,1010.1,Rainy
2022-01-16,6.2,94.7,17.6,16.0,1015.6,Rainy
2022-01-17,4.8,73.0,0.0,40.9,1014.2,Cloudy
2022-01-18,9.0,70.3,0.0,8.6,1010.9,Cloudy
2022-01-19,5.1,67.1,0.0,23.1,1012.5,Partly Cloudy
2022-01-20,3.6,60.5,0.0,36.8,1011.3,Partly Cloudy
2022-01-21,12.8,62.8,0.0,32.5,1011.6,Partly Cloudy
2022-01-22,7.4,97.9,2.6,17.5,1016.2,Rainy
2022-01-23,8.4,67.7,0.0,19.6,1013.2,Partly Cloudy
2022-01-24,3.6,65.5,0.0,14.4,1020.2,Partly Cloudy
2022-01-25,6.5,68.5,0.0,7.8,1017.1,Partly Cloudy
2022-01-26,8.6,58.2,0.0,25.1,1010.8,Partly Cloudy
2022-01-27,4.6,62.7,0.0,17.4,1016.2,Partly Cloudy
2022-01-28,9.6,58.7,0.0,7.2,1020.6,Partly Cloudy
2022-01-29,6.5,67.7,0.0,10.2,1009.0,Partly Cloudy
2022-01-30,7.5,68.6,0.0,11.6,1013.3,Partly Cloudy
2022-01-31,6.6,64.6,0.0,23.5,1012.7,Partly Cloudy
2022-02-01,14.5,57.8,0.0,6.0,1017.9,Partly Cloudy
2022-02-02,8.6,64.5,0.0,6.0,1014.1,Partly Cloudy
2022-02-03,5.3,63.4,0.0,14.3,1014.2,Partly Cloudy
2022-02-04,11.4,84.5,5.7,11.9,1016.6,Rainy
2022-02-05,5.0,67.7,0.0,11.4,1015.5,Partly Cloudy
2022-02-06,9.6,60.4,0.0,9.5,1019.5,Partly Cloudy
2022-02-07,2.8,59.0,0.0,2.9,1016.0,Partly Cloudy
2022-02-08,4.9,59.3,0.0,8.4,1012.1,Partly Cloudy
2022-02-09,9.8,56.1,0.0,11.2,1017.2,Partly Cloudy
2022-02-10,11.7,64.6,0.0,20.8,1009.3,Partly Cloudy
2022-02-11,9.9,64.8,0.0,32.8,1019.3,Partly Cloudy
2022-02-12,9.1,89.9,6.9,12.9,1014.7,Rainy
2022-02-13,8.6,67.5,0.0,13.9,1017.0,Partly Cloudy
2022-02-14,5.0,72.0,0.0,16.7,1015.5,Cloudy
2022-02-15,7.5,87.0,24.2,44.3,1007.3,Rainy
2022-02-16,8.4,66.7,0.0,9.2,1018.0,Partly Cloudy
2022-02-17,13.4,54.7,0.0,7.6,1016.4,Partly Cloudy
2022-02-18,11.2,70.4,0.0,10.3,1013.0,Cloudy
2022-02-19,4.6,59.9,0.0,7.6,1014.7,Partly Cloudy
2022-02-20,11.4,59.9,0.0,18.1,1014.5,Partly Cloudy
2022-02-21,9.3,61.3,0.0,21.2,1017.9,Partly Cloudy
2022-02-22,8.5,57.0,0.0,14.6,1015.2,Partly Cloudy
2022-02-23,12.7,63.1,0.0,14.0,1011.6,Partly Cloudy
2022-02-24,14.2,63.4,0.0,25.4,1019.8,Partly Cloudy
2022-02-25,14.0,61.5,0.0,11.3,1017.1,Partly Cloudy
2022-02-26,8.5,56.9,0.0,19.3,1020.4,Partly Cloudy
2022-02-27,10.3,73.8,0.0,11.2,1013.4,Cloudy
2022-02-28,12.5,65.7,0.0,6.1,1011.3,Partly Cloudy
2022-03-01,14.7,75.3,0.0,23.3,1015.6,Cloudy
2022-03-02,10.2,59.9,0.0,15.1,1018.0,Partly Cloudy
2022-03-03,11.3,93.3,5.2,27.2,1017.1,Rainy
2022-03-04,8.5,68.5,0.0,16.0,1015.9,Partly Cloudy
2022-03-05,8.4,88.2,3.9,22.1,1015.3,Rainy
2022-03-06,15.0,69.1,0.0,7.7,1012.3,Partly Cloudy
2022-03-07,16.9,59.2,0.0,16.8,1017.0,Partly Cloudy
2022-03-08,12.5,61.2,0.0,25.2,1013.7,Partly Cloudy
2022-03-09,16.1,44.2,0.0,12.1,1015.9,Sunny
2022-03-10,14.2,64.4,0.0,8.9,1017.2,Partly Cloudy
2022-03-11,11.1,56.9,0.0,19.7,1016.0,Partly Cloudy
2022-03-12,14.5,59.4,0.0,5.6,1014.0,Partly Cloudy
2022-03-13,18.5,55.5,0.0,27.0,1012.3,Partly Cloudy
2022-03-14,13.6,60.7,0.0,11.1,1015.8,Partly Cloudy
2022-03-15,18.9,87.7,46.3,24.3,1011.7,Thunderstorm
2022-03-16,5.7,65.8,0.0,15.1,1012.0,Partly Cloudy
2022-03-17,16.9,64.8,0.0,23.4,1017.7,Partly Cloudy
2022-03-18,14.7,68.4,0.0,24.0,1014.2,Partly Cloudy
2022-03-19,13.7,60.7,0.0,14.2,1015.1,Partly Cloudy
2022-03-20,15.1,59.6,0.0,4.6,1015.5,Partly Cloudy
2022-03-21,8.6,69.3,0.0,29.6,1016.5,Partly Cloudy
2022-03-22,14.5,67.4,0.0,5.3,1013.1,Partly Cloudy
2022-03-23,16.5,65.1,0.0,16.6,1025.7,Partly Cloudy
2022-03-24,20.3,80.1,0.6,30.5,1011.5,Drizzle
2022-03-25,14.1,64.5,0.0,17.0,1017.7,Partly Cloudy
2022-03-26,13.4,63.2,0.0,8.9,1013.8,Partly Cloudy
2022-03-27,14.5,67.5,0.0,14.4,1013.9,Partly Cloudy
2022-03-28,19.3,57.4,0.0,9.3,1011.2,Partly Cloudy
2022-03-29,17.6,52.6,0.0,9.2,1014.4,Partly Cloudy
2022-03-30,15.0,65.5,0.0,,1017.5,Partly Cloudy
2022-03-31,18.6,47.8,0.0,1.9,1019.8,Sunny
2022-04-01,17.4,57.4,0.0,11.3,1016.0,Partly Cloudy
2022-04-02,20.4,54.7,0.0,14.1,1020.9,Partly Cloudy
2022-04-03,15.3,56.7,0.0,13.6,1016.9,Partly Cloudy
2022-04-04,16.7,82.6,80.5,13.1,1003.8,Thunderstorm
2022-04-05,16.7,67.4,0.0,17.0,1017.1,Partly Cloudy
2022-04-06,13.5,91.7,26.1,18.2,1011.0,Rainy
2022-04-07,19.3,59.0,0.0,34.3,1015.7,Partly Cloudy
2022-04-08,19.4,65.9,0.0,17.4,1016.0,Partly Cloudy
2022-04-09,18.8,55.2,0.0,9.5,1022.3,Partly Cloudy
2022-04-10,18.2,54.7,0.0,19.5,1018.9,Partly Cloudy
2022-04-11,14.6,91.5,5.6,9.2,1012.2,Rainy
2022-04-12,18.0,63.7,0.0,13.5,1012.6,Partly Cloudy
2022-04-13,18.5,58.3,0.0,15.1,1020.5,Partly Cloudy
2022-04-14,17.2,80.4,0.7,18.6,1017.3,Drizzle
2022-04-15,19.5,67.5,0.0,7.8,1011.8,Partly Cloudy
2022-04-16,21.5,50.8,0.0,13.4,1017.2,Partly Cloudy
2022-04-17,26.4,54.4,0.0,6.3,1015.3,Partly Cloudy
2022-04-18,21.2,60.7,0.0,29.9,1010.7,Partly Cloudy
2022-04-19,21.6,68.4,0.0,13.5,1016.1,Partly Cloudy
2022-04-20,20.8,61.6,0.0,16.6,1016.5,Partly Cloudy
2022-04-21,15.1,64.4,0.0,5.1,1015.5,Partly Cloudy
2022-04-22,21.4,56.6,0.0,9.0,1009.4,Partly Cloudy
2022-04-23,21.8,62.1,0.0,17.6,1013.7,Partly Cloudy
2022-04-24,29.7,56.6,0.0,21.6,1014.9,Partly Cloudy
2022-04-25,21.4,51.5,0.0,7.3,1016.6,Partly Cloudy
2022-04-26,23.2,87.7,19.9,21.6,1010.4,Rainy
2022-04-27,22.4,63.9,0.0,10.3,1013.0,Partly Cloudy
2022-04-28,18.9,64.5,0.0,4.6,1018.2,Partly Cloudy
2022-04-29,26.5,57.6,0.0,4.0,1012.9,Partly Cloudy
2022-04-30,25.5,53.0,0.0,8.9,1015.5,Partly Cloudy
2022-05-01,25.8,46.1,0.0,22.0,1014.9,Sunny
2022-05-02,20.6,85.5,26.6,28.3,1013.7,Rainy
2022-05-03,28.1,62.2,0.0,14.8,1016.2,Partly Cloudy
2022-05-04,19.4,65.2,0.0,13.8,1018.1,Partly Cloudy
2022-05-05,25.9,61.7,0.0,10.2,1018.2,Partly Cloudy
2022-05-06,31.3,55.1,0.0,2.5,1013.9,Partly Cloudy
2022-05-07,21.3,64.9,0.0,15.7,1016.1,Partly Cloudy
2022-05-08,22.8,63.5,0.0,7.6,1018.9,Partly Cloudy
2022-05-09,25.1,80.8,20.1,30.1,1005.5,Rainy
2022-05-10,23.4,62.0,0.0,6.0,1018.4,Partly Cloudy
2022-05-11,20.2,57.2,0.0,22.7,1011.7,Partly Cloudy
2022-05-12,25.6,60.5,0.0,3.9,1019.4,Partly Cloudy
2022-05-13,22.2,52.6,0.0,41.2,1013.6,Partly Cloudy
2022-05-14,27.3,51.0,0.0,5.2,1015.8,Partly Cloudy
2022-05-15,23.0,64.1,0.0,23.3,1016.9,Partly Cloudy
2022-05-16,31.1,60.2,0.0,8.7,1014.4,Partly Cloudy
2022-05-17,23.8,61.6,0.0,17.6,1014.8,Partly Cloudy
2022-05-18,25.4,58.3,0.0,30.0,1017.4,Partly Cloudy
2022-05-19,29.2,44.4,0.0,10.9,1017.6,Sunny
2022-05-20,22.9,58.5,0.0,39.2,1019.7,Partly Cloudy
2022-05-21,27.7,59.2,0.0,30.4,1014.1,Partly Cloudy
2022-05-22,31.3,52.8,0.0,4.8,1018.8,Partly Cloudy
2022-05-23,22.2,55.6,0.0,12.7,1015.0,Partly Cloudy
2022-05-24,28.1,64.0,0.0,11.1,1013.2,Partly Cloudy
2022-05-25,28.5,56.3,0.0,13.1,1014.4,Partly Cloudy
2022-05-26,30.3,58.2,0.0,10.3,1017.2,Partly Cloudy
2022-05-27,24.0,62.3,0.0,7.3,1012.3,Partly Cloudy
2022-05-28,23.9,78.4,2.7,17.2,1015.8,Rainy
2022-05-29,29.9,57.0,0.0,17.3,1019.0,Partly Cloudy
2022-05-30,29.3,62.9,0.0,1.9,1015.9,Partly Cloudy
2022-05-31,29.3,65.4,0.0,20.6,1013.2,Partly Cloudy
2022-06-01,29.8,81.3,20.8,19.0,1013.9,Rainy
2022-06-02,26.6,56.2,0.0,27.3,1012.4,Partly Cloudy
2022-06-03,29.7,57.5,0.0,9.8,1017.3,Partly Cloudy
2022-06-04,30.0,82.2,21.7,14.0,1013.6,Rainy
2022-06-05,26.9,89.2,16.1,12.8,1015.7,Rainy
2022-06-06,35.3,73.9,21.6,21.8,1009.7,Rainy
2022-06-07,31.0,54.2,0.0,3.6,1015.2,Partly Cloudy
2022-06-08,25.8,52.1,0.0,8.2,1017.9,Partly Cloudy
2022-06-09,31.8,50.2,0.0,14.1,1016.2,Partly Cloudy
2022-06-10,26.7,84.2,27.6,9.7,1020.1,Rainy
2022-06-11,32.5,59.0,0.0,13.3,1012.7,Partly Cloudy
2022-06-12,33.8,51.2,0.0,24.8,1015.5,Partly Cloudy
2022-06-13,27.6,60.8,0.0,23.1,1022.2,Partly Cloudy
2022-06-14,33.4,60.2,0.0,11.9,1019.4,Partly Cloudy
2022-06-15,31.7,90.0,14.3,26.2,1014.1,Rainy
2022-06-16,33.1,55.1,0.0,16.4,1018.9,Partly Cloudy
2022-06-17,36.7,50.1,0.0,14.1,1012.6,Partly Cloudy
2022-06-18,29.9,51.0,0.0,17.9,1013.7,Partly Cloudy
2022-06-19,28.4,51.1,0.0,10.2,1013.9,Partly Cloudy
2022-06-20,28.0,63.0,0.0,10.8,1022.8,Partly Cloudy
2022-06-21,28.4,49.1,0.0,16.2,1016.6,Sunny
2022-06-22,30.8,86.8,1.8,17.7,1016.8,Drizzle
2022-06-23,32.2,75.8,10.2,27.7,1016.3,Rainy
2022-06-24,32.1,51.7,0.0,19.2,1016.2,Partly Cloudy
2022-06-25,33.9,53.7,0.0,19.1,1018.4,Partly Cloudy
2022-06-26,31.4,76.9,1.7,22.1,1014.1,Drizzle
2022-06-27,36.1,83.2,8.1,19.0,1011.5,Rainy
2022-06-28,30.6,89.8,8.1,23.9,1011.7,Rainy
2022-06-29,40.2,48.6,0.0,21.8,1015.4,Sunny
2022-06-30,33.6,77.4,1.5,20.6,1008.8,Drizzle
2022-07-01,28.9,80.6,6.7,12.7,1010.6,Rainy
2022-07-02,28.3,84.4,2.2,17.8,1015.0,Rainy
2022-07-03,33.3,78.9,24.4,9.9,1012.8,Rainy
2022-07-04,31.1,87.5,43.3,29.2,1004.5,Thunderstorm
2022-07-05,34.1,60.1,0.0,18.9,1012.0,Partly Cloudy
2022-07-06,33.4,73.7,1.6,12.6,1019.0,Drizzle
2022-07-07,31.6,58.0,0.0,8.6,1011.7,Partly Cloudy
2022-07-08,29.2,88.9,45.5,29.8,1008.6,Thunderstorm
2022-07-09,27.1,54.7,0.0,8.3,1017.6,Partly Cloudy
2022-07-10,30.5,54.3,0.0,4.7,1020.9,Partly Cloudy
2022-07-11,34.7,51.5,0.0,6.1,1015.8,Partly Cloudy
2022-07-12,32.7,52.4,0.0,10.7,1015.0,Partly Cloudy
2022-07-13,28.0,73.5,11.2,14.7,1008.6,Rainy
2022-07-14,32.6,73.3,5.7,15.2,1011.3,Rainy
2022-07-15,33.2,55.1,0.0,18.5,1016.7,Partly Cloudy
2022-07-16,29.2,63.9,0.0,9.1,1013.8,Partly Cloudy
2022-07-17,32.5,51.9,0.0,15.9,1012.5,Partly Cloudy
2022-07-18,32.2,51.9,0.0,6.2,1014.7,Partly Cloudy
2022-07-19,28.3,65.2,0.0,23.6,1016.8,Partly Cloudy
2022-07-20,33.1,49.2,0.0,6.6,1016.6,Sunny
2022-07-21,33.7,71.2,1.7,17.9,1013.6,Drizzle
2022-07-22,35.4,49.7,0.0,11.8,1013.8,Sunny
2022-07-23,35.3,50.6,0.0,15.2,1015.9,Partly Cloudy
2022-07-24,27.5,73.3,10.6,24.4,1021.3,Rainy
2022-07-25,28.8,55.8,0.0,9.9,1018.9,Partly Cloudy
2022-07-26,33.4,84.4,23.4,24.7,1009.6,Rainy
2022-07-27,33.4,48.2,0.0,22.8,1021.4,Sunny
2022-07-28,33.4,80.1,18.3,16.3,1008.7,Rainy
2022-07-29,44.0,52.4,0.0,30.4,1011.9,Partly Cloudy
2022-07-30,33.4,54.2,0.0,15.2,1014.9,Partly Cloudy
2022-07-31,35.2,79.8,1.2,15.4,1013.0,Drizzle
2022-08-01,34.6,55.1,0.0,13.3,1013.4,Partly Cloudy
2022-08-02,33.5,50.5,0.0,30.4,1015.4,Partly Cloudy
2022-08-03,30.4,63.3,0.0,15.6,1019.1,Partly Cloudy
2022-08-04,33.7,85.8,1.6,20.6,1011.9,Drizzle
2022-08-05,28.8,87.4,8.0,21.3,1009.6,Rainy
2022-08-06,30.4,85.9,5.6,25.6,1017.8,Rainy
2022-08-07,29.5,48.3,0.0,15.4,1019.2,Sunny
2022-08-08,31.3,60.1,0.0,17.5,1015.4,Partly Cloudy
2022-08-09,38.3,56.0,0.0,13.2,1016.9,Partly Cloudy
2022-08-10,24.9,50.4,0.0,14.0,1014.6,Partly Cloudy
2022-08-11,32.9,53.8,0.0,21.2,1011.4,Partly Cloudy
2022-08-12,25.5,59.2,0.0,8.2,1021.7,Partly Cloudy
2022-08-13,29.0,89.7,4.3,17.8,1009.6,Rainy
2022-08-14,33.9,58.1,0.0,10.9,1016.2,Partly Cloudy
2022-08-15,30.6,76.4,5.3,10.2,1012.7,Rainy
2022-08-16,26.8,65.8,0.0,5.7,1013.1,Partly Cloudy
2022-08-17,27.9,57.1,0.0,12.8,1012.8,Partly Cloudy
2022-08-18,32.2,53.8,0.0,21.7,1014.8,Partly Cloudy
2022-08-19,27.6,80.3,24.1,19.3,1010.5,Rainy
2022-08-20,30.5,72.7,38.9,14.1,1008.3,Thunderstorm
2022-08-21,29.8,80.5,8.0,30.5,1015.7,Rainy
2022-08-22,27.5,84.5,34.8,15.1,1015.1,Rainy
2022-08-23,36.3,76.6,6.1,11.8,1017.7,Rainy
2022-08-24,31.3,57.6,0.0,30.6,1015.3,Partly Cloudy
2022-08-25,22.7,54.6,0.0,13.3,1017.4,Partly Cloudy
2022-08-26,29.6,80.5,9.9,33.4,1015.9,Rainy
2022-08-27,26.8,83.9,4.2,17.6,1009.0,Rainy
2022-08-28,31.5,56.3,0.0,12.8,1012.4,Partly Cloudy
2022-08-29,26.1,49.5,0.0,5.1,1015.8,Sunny
2022-08-30,28.1,54.6,0.0,10.0,1013.0,Partly Cloudy
2022-08-31,29.9,64.4,0.0,16.4,1016.3,Partly Cloudy
2022-09-01,30.9,53.2,0.0,18.1,1014.7,Partly Cloudy
2022-09-02,24.2,58.4,0.0,13.8,1013.7,Partly Cloudy
2022-09-03,26.8,56.8,0.0,10.7,1016.3,Partly Cloudy
2022-09-04,26.2,90.4,15.3,17.9,1014.8,Rainy
2022-09-05,25.5,64.3,0.0,6.6,1011.3,Partly Cloudy
2022-09-06,33.0,83.8,56.5,31.1,1004.7,Thunderstorm
2022-09-07,28.5,51.7,0.0,19.3,1021.8,Partly Cloudy
2022-09-08,23.0,85.6,13.9,16.9,1014.9,Rainy
2022-09-09,29.8,58.9,0.0,9.7,1017.3,Partly Cloudy
2022-09-10,33.5,51.1,0.0,31.6,1016.9,Partly Cloudy
2022-09-11,29.8,51.7,0.0,8.8,1012.4,Partly Cloudy
2022-09-12,21.5,67.9,0.0,11.2,1014.9,Partly Cloudy
2022-09-13,24.6,81.7,6.9,31.7,1018.1,Rainy
2022-09-14,30.1,89.0,15.6,19.5,1013.8,Rainy
2022-09-15,23.6,63.5,0.0,4.3,1013.4,Partly Cloudy
2022-09-16,27.1,84.2,2.4,19.8,1015.3,Rainy
2022-09-17,27.9,59.1,0.0,9.1,1016.9,Partly Cloudy
2022-09-18,22.3,77.1,32.3,10.0,1009.2,Rainy
2022-09-19,24.9,59.1,0.0,9.3,1010.1,Partly Cloudy
2022-09-20,14.5,69.3,0.0,6.5,1013.6,Partly Cloudy
2022-09-21,21.4,62.8,0.0,7.8,1011.1,Partly Cloudy
2022-09-22,23.7,84.3,10.6,19.4,1015.1,Rainy
2022-09-23,20.3,68.4,0.0,5.4,1015.0,Partly Cloudy
2022-09-24,29.4,55.3,0.0,20.4,1015.1,Partly Cloudy
2022-09-25,19.4,57.1,0.0,10.6,1014.6,Partly Cloudy
2022-09-26,22.3,59.8,0.0,8.2,1013.7,Partly Cloudy
2022-09-27,24.0,62.2,0.0,10.6,1017.8,Partly Cloudy
2022-09-28,28.0,73.2,9.2,11.5,1011.7,Rainy
2022-09-29,18.6,62.0,0.0,6.5,1019.9,Partly Cloudy
2022-09-30,26.7,61.4,0.0,10.1,1019.0,Partly Cloudy
2022-10-01,22.8,82.5,13.3,19.8,1006.6,Rainy
2022-10-02,19.4,65.8,0.0,16.4,1016.5,Partly Cloudy
2022-10-03,23.8,86.7,14.7,14.6,1010.6,Rainy
2022-10-04,22.8,94.6,1.6,16.3,1009.7,Drizzle
2022-10-05,20.0,81.2,17.1,19.3,1019.4,Rainy
2022-10-06,22.0,63.4,0.0,27.4,1011.6,Partly Cloudy
2022-10-07,20.3,54.8,0.0,13.2,1013.1,Partly Cloudy
2022-10-08,21.7,51.2,0.0,8.6,1010.1,Partly Cloudy
2022-10-09,23.3,48.5,0.0,7.3,1018.5,Sunny
2022-10-10,26.0,60.3,0.0,20.5,1010.6,Partly Cloudy
2022-10-11,16.8,62.2,0.0,2.5,1017.2,Partly Cloudy
2022-10-12,27.3,54.7,0.0,9.4,1011.8,Partly Cloudy
2022-10-13,14.1,78.5,4.5,12.3,1014.4,Rainy
2022-10-14,19.6,56.7,0.0,19.2,1012.7,Partly Cloudy
2022-10-15,21.8,84.3,18.6,29.4,1012.1,Rainy
2022-10-16,20.6,63.7,0.0,11.2,1020.5,Partly Cloudy
2022-10-17,17.5,60.9,0.0,8.1,1024.4,Partly Cloudy
2022-10-18,18.6,86.8,25.6,16.7,1010.5,Rainy
2022-10-19,17.5,84.1,24.1,20.8,1012.2,Rainy
2022-10-20,17.0,69.9,0.0,17.1,1013.8,Partly Cloudy
2022-10-21,21.4,54.3,0.0,11.7,1015.8,Partly Cloudy
2022-10-22,19.6,81.7,12.2,29.5,1007.1,Rainy
2022-10-23,16.0,59.1,0.0,9.1,1014.3,Partly Cloudy
2022-10-24,20.9,87.4,11.1,15.1,1014.7,Rainy
2022-10-25,18.8,55.3,0.0,10.5,1014.0,Partly Cloudy
2022-10-26,20.2,60.6,0.0,14.8,1016.3,Partly Cloudy
2022-10-27,19.5,61.0,0.0,19.8,1014.7,Partly Cloudy
2022-10-28,14.6,83.7,2.7,10.7,1018.2,Rainy
2022-10-29,15.2,88.6,22.2,11.3,1011.7,Rainy
2022-10-30,19.2,55.3,0.0,14.9,1016.4,Partly Cloudy
2022-10-31,18.6,80.0,5.1,11.4,1017.6,Rainy
2022-11-01,16.4,61.9,0.0,10.8,1009.1,Partly Cloudy
2022-11-02,16.6,78.1,10.5,15.4,1016.7,Rainy
2022-11-03,20.1,49.2,0.0,23.1,1015.0,Sunny
2022-11-04,14.0,65.1,0.0,28.7,1017.4,Partly Cloudy
2022-11-05,17.4,66.3,0.0,9.5,1014.1,Partly Cloudy
2022-11-06,14.8,59.7,0.0,16.9,1018.8,Partly Cloudy
2022-11-07,14.6,58.8,0.0,10.5,1012.5,Partly Cloudy
2022-11-08,18.6,65.6,0.0,19.3,1008.9,Partly Cloudy
2022-11-09,17.5,55.3,0.0,6.3,1017.5,Partly Cloudy
2022-11-10,17.3,54.3,0.0,22.7,1011.3,Partly Cloudy
2022-11-11,18.7,89.1,5.3,13.8,1015.4,Rainy
2022-11-12,14.4,62.3,0.0,5.2,1010.5,Partly Cloudy
2022-11-13,16.3,66.8,0.0,9.2,1008.4,Partly Cloudy
2022-11-14,13.0,52.1,0.0,10.9,1015.7,Partly Cloudy
2022-11-15,14.8,55.1,0.0,6.5,1019.6,Partly Cloudy
2022-11-16,13.2,62.8,0.0,12.3,1012.2,Partly Cloudy
2022-11-17,13.8,64.6,0.0,18.0,1014.3,Partly Cloudy
2022-11-18,15.2,66.2,0.0,7.7,1013.5,Partly Cloudy
2022-11-19,10.5,64.7,0.0,27.2,1016.0,Partly Cloudy
2022-11-20,19.6,86.0,2.6,43.8,1017.3,Rainy
2022-11-21,9.6,62.2,0.0,11.0,1011.5,Partly Cloudy
2022-11-22,8.7,72.5,0.0,17.4,1014.0,Cloudy
2022-11-23,16.2,81.0,14.9,20.6,1017.1,Rainy
2022-11-24,14.8,63.9,0.0,11.7,1012.9,Partly Cloudy
2022-11-25,14.1,57.4,0.0,11.0,1013.5,Partly Cloudy
2022-11-26,14.0,90.1,1.3,9.1,1015.8,Drizzle
2022-11-27,11.8,58.1,0.0,11.7,1010.1,Partly Cloudy
2022-11-28,8.8,68.2,0.0,19.1,1016.9,Partly Cloudy
2022-11-29,11.8,88.8,20.5,14.0,1012.4,Rainy
2022-11-30,9.2,73.0,0.0,26.8,1012.7,Cloudy
2022-12-01,14.4,60.8,0.0,15.7,1014.8,Partly Cloudy
2022-12-02,10.6,65.9,0.0,22.8,1019.2,Partly Cloudy
2022-12-03,8.3,60.8,0.0,11.2,1014.4,Partly Cloudy
2022-12-04,9.8,62.6,0.0,13.8,1016.2,Partly Cloudy
2022-12-05,12.0,88.7,6.0,22.2,1011.5,Rainy
2022-12-06,8.8,56.8,0.0,10.4,1014.5,Partly Cloudy
2022-12-07,,57.8,0.0,22.2,1014.7,Partly Cloudy
2022-12-08,11.1,66.6,0.0,9.1,1018.1,Partly Cloudy
2022-12-09,11.0,87.9,0.5,37.1,1015.6,Drizzle
2022-12-10,8.5,61.6,0.0,6.2,1012.1,Partly Cloudy
2022-12-11,8.5,60.9,0.0,16.5,1017.3,Partly Cloudy
2022-12-12,10.6,60.3,0.0,8.6,1015.1,Partly Cloudy
2022-12-13,5.1,66.5,0.0,7.1,1017.8,Partly Cloudy
2022-12-14,5.1,68.2,0.0,7.4,1018.6,Partly Cloudy
2022-12-15,7.2,54.7,0.0,1.7,1015.3,Partly Cloudy
2022-12-16,8.8,71.5,0.0,6.7,1014.5,Cloudy
2022-12-17,10.3,70.6,0.0,19.7,1009.0,Cloudy
2022-12-18,14.0,50.7,0.0,18.8,1016.4,Partly Cloudy
2022-12-19,11.9,68.7,0.0,6.0,1015.2,Partly Cloudy
2022-12-20,8.6,69.8,0.0,16.3,1018.8,Partly Cloudy
2022-12-21,8.9,64.4,0.0,8.2,1013.2,Partly Cloudy
2022-12-22,5.7,59.2,0.0,3.5,1013.8,Partly Cloudy
2022-12-23,8.8,69.6,0.0,19.9,1010.5,Partly Cloudy
2022-12-24,7.8,63.7,0.0,21.3,1011.7,Partly Cloudy
2022-12-25,9.7,66.9,0.0,9.1,1013.9,Partly Cloudy
2022-12-26,6.0,76.7,0.0,22.9,1016.4,Cloudy
2022-12-27,10.2,90.2,10.9,17.1,1012.8,Rainy
2022-12-28,13.4,58.1,0.0,13.4,1015.3,Partly Cloudy
2022-12-29,8.1,63.1,0.0,11.7,1012.1,Partly Cloudy
2022-12-30,9.7,60.2,0.0,5.9,1012.5,Partly Cloudy
2022-12-31,10.5,66.0,0.0,11.0,1015.9,Partly Cloudy
2023-01-01,7.0,61.2,0.0,6.0,1019.4,Partly Cloudy
2023-01-02,9.0,62.0,0.0,16.7,1011.0,Partly Cloudy
2023-01-03,8.2,58.3,0.0,17.7,1013.3,Partly Cloudy
2023-01-04,8.5,88.9,1.2,8.5,1015.8,Drizzle
2023-01-05,5.7,66.6,0.0,17.3,1013.4,Partly Cloudy
2023-01-06,8.2,51.3,0.0,12.1,1014.8,Partly Cloudy
2023-01-07,9.7,65.4,0.0,4.0,1011.0,Partly Cloudy
2023-01-08,12.7,62.7,0.0,14.1,1020.8,Partly Cloudy
2023-01-09,11.1,59.7,0.0,10.2,1016.2,Partly Cloudy
2023-01-10,14.9,97.2,5.2,13.3,1009.4,Rainy
2023-01-11,5.6,95.6,18.3,11.1,1010.6,Rainy
2023-01-12,10.8,58.2,0.0,15.3,1009.7,Partly Cloudy
2023-01-13,8.6,93.8,1.4,18.2,1018.5,Drizzle
2023-01-14,15.0,93.2,27.0,18.6,1007.7,Rainy
2023-01-15,5.4,91.5,0.6,27.4,1011.9,Drizzle
2023-01-16,5.3,67.7,0.0,26.7,1020.0,Partly Cloudy
2023-01-17,6.1,67.3,0.0,2.9,1015.9,Partly Cloudy
2023-01-18,1.2,57.1,0.0,15.4,1015.3,Partly Cloudy
2023-01-19,6.4,64.5,0.0,9.3,1019.9,Partly Cloudy
2023-01-20,5.6,64.6,0.0,16.6,1015.8,Partly Cloudy
2023-01-21,8.6,71.7,0.0,8.0,1012.4,Cloudy
2023-01-22,9.2,66.0,0.0,32.0,1016.2,Partly Cloudy
2023-01-23,14.2,60.8,0.0,17.0,1014.3,Partly Cloudy
2023-01-24,11.2,63.1,0.0,11.3,1014.3,Partly Cloudy
2023-01-25,6.4,95.6,4.6,28.1,1014.3,Rainy
2023-01-26,5.4,64.9,0.0,7.5,1017.1,Partly Cloudy
2023-01-27,9.9,60.5,0.0,17.4,1013.0,Partly Cloudy
2023-01-28,4.1,65.0,0.0,11.1,1019.8,Partly Cloudy
2023-01-29,14.3,92.0,20.1,16.9,1012.0,Rainy
2023-01-30,12.2,90.6,6.0,34.1,1009.9,Rainy
2023-01-31,7.0,65.4,0.0,38.4,1016.3,Partly Cloudy
2023-02-01,3.1,67.7,0.0,15.5,1017.2,Partly Cloudy
2023-02-02,13.0,60.0,0.0,8.0,1012.8,Partly Cloudy
2023-02-03,8.4,63.7,0.0,11.8,1014.5,Partly Cloudy
2023-02-04,12.8,59.6,0.0,8.2,1012.8,Partly Cloudy
2023-02-05,3.8,65.0,0.0,8.8,1014.9,Partly Cloudy
2023-02-06,7.0,96.9,2.1,18.5,1021.8,Rainy
2023-02-07,9.0,59.0,0.0,8.4,1011.5,Partly Cloudy
2023-02-08,9.3,60.8,0.0,23.0,1008.8,Partly Cloudy
2023-02-09,7.8,58.6,0.0,11.2,1011.1,Partly Cloudy
2023-02-10,11.3,56.1,0.0,12.2,1025.6,Partly Cloudy
2023-02-11,6.0,89.7,7.0,14.1,1012.6,Rainy
2023-02-12,9.0,61.3,0.0,5.8,1016.4,Partly Cloudy
2023-02-13,10.0,72.8,0.0,6.2,1018.3,Cloudy
2023-02-14,11.3,62.1,0.0,14.3,1014.6,Partly Cloudy
2023-02-15,12.1,69.6,0.0,10.5,1015.4,Partly Cloudy
2023-02-16,6.3,70.3,0.0,14.8,1013.5,Cloudy
2023-02-17,5.1,64.9,0.0,21.4,1014.8,Partly Cloudy
2023-02-18,14.2,72.9,0.0,8.2,1018.4,Cloudy
2023-02-19,11.3,64.8,0.0,34.9,1016.7,Partly Cloudy
2023-02-20,8.0,72.4,0.0,7.0,1017.2,Cloudy
2023-02-21,15.5,93.8,5.1,11.1,1019.4,Rainy
2023-02-22,11.0,65.7,0.0,20.0,1019.1,Partly Cloudy
2023-02-23,14.5,66.0,0.0,12.5,1015.6,Partly Cloudy
2023-02-24,11.1,66.7,0.0,7.9,1010.7,Partly Cloudy
2023-02-25,17.6,55.2,0.0,5.8,1016.6,Partly Cloudy
2023-02-26,16.8,61.6,0.0,7.1,1017.3,Partly Cloudy
2023-02-27,10.5,69.2,0.0,12.9,1018.5,Partly Cloudy
2023-02-28,14.6,69.8,0.0,25.1,1014.9,Partly Cloudy
2023-03-01,13.7,58.9,0.0,4.2,1011.5,Partly Cloudy
2023-03-02,16.1,64.2,0.0,13.6,1009.0,Partly Cloudy
2023-03-03,8.8,90.2,27.3,23.4,1010.0,Rainy
2023-03-04,14.3,61.7,0.0,9.4,1014.6,Partly Cloudy
2023-03-05,15.6,63.5,0.0,25.8,1016.6,Partly Cloudy
2023-03-06,6.7,66.4,0.0,14.5,1016.1,Partly Cloudy
2023-03-07,8.7,67.2,0.0,19.3,1013.1,Partly Cloudy
2023-03-08,6.2,72.7,0.0,18.9,1015.9,Cloudy
2023-03-09,12.0,67.1,0.0,22.5,1015.5,Partly Cloudy
2023-03-10,15.3,63.4,0.0,11.5,1015.1,Partly Cloudy
2023-03-11,18.0,70.1,0.0,28.0,1016.8,Cloudy
2023-03-12,13.6,68.1,0.0,12.0,1015.2,Partly Cloudy
2023-03-13,18.8,60.0,0.0,11.0,1021.1,Partly Cloudy
2023-03-14,9.3,58.2,0.0,10.7,1013.4,Partly Cloudy
2023-03-15,8.4,59.7,0.0,10.3,1007.9,Partly Cloudy
2023-03-16,13.9,67.1,0.0,10.3,1016.7,Partly Cloudy
2023-03-17,15.5,58.6,0.0,13.0,1013.9,Partly Cloudy
2023-03-18,14.3,57.2,0.0,13.2,1012.4,Partly Cloudy
2023-03-19,8.0,61.0,0.0,13.1,1011.2,Partly Cloudy
2023-03-20,14.5,58.8,0.0,11.3,1015.8,Partly Cloudy
2023-03-21,10.8,67.9,0.0,18.9,1020.4,Partly Cloudy
2023-03-22,17.3,60.3,0.0,13.9,1014.2,Partly Cloudy
2023-03-23,16.5,79.5,6.0,20.9,1013.7,Rainy
2023-03-24,12.6,63.1,0.0,7.2,1016.0,Partly Cloudy
2023-03-25,14.1,88.5,23.1,10.8,1011.9,Rainy
2023-03-26,12.6,60.6,0.0,17.9,1014.6,Partly Cloudy
2023-03-27,15.9,67.4,0.0,19.4,1013.9,Partly Cloudy
2023-03-28,19.4,58.1,0.0,6.9,1014.0,Partly Cloudy
2023-03-29,13.4,68.2,0.0,6.4,1015.7,Partly Cloudy
2023-03-30,18.3,63.7,0.0,23.4,1013.8,Partly Cloudy
2023-03-31,15.2,66.6,0.0,9.5,1015.9,Partly Cloudy
2023-04-01,14.6,56.7,0.0,8.4,1013.1,Partly Cloudy
2023-04-02,17.0,61.7,0.0,6.4,1016.9,Partly Cloudy
2023-04-03,14.2,62.1,0.0,6.4,1014.8,Partly Cloudy
2023-04-04,16.0,54.5,0.0,34.5,1019.9,Partly Cloudy
2023-04-05,14.1,67.9,0.0,11.7,1016.1,Partly Cloudy
2023-04-06,24.4,54.2,0.0,10.5,1013.3,Partly Cloudy
2023-04-07,18.5,57.6,0.0,6.1,1018.1,Partly Cloudy
2023-04-08,16.3,56.4,0.0,4.1,1016.0,Partly Cloudy
2023-04-09,19.4,63.7,0.0,28.8,1022.2,Partly Cloudy
2023-04-10,18.6,52.9,0.0,21.2,1019.1,Partly Cloudy
2023-04-11,18.5,63.7,0.0,13.7,1018.3,Partly Cloudy
2023-04-12,21.3,89.7,32.8,6.7,1009.8,Rainy
2023-04-13,22.0,61.9,0.0,10.8,1014.0,Partly Cloudy
2023-04-14,18.1,64.3,0.0,13.4,1015.2,Partly Cloudy
2023-04-15,18.2,64.5,0.0,13.1,1016.1,Partly Cloudy
2023-04-16,19.3,80.5,8.7,6.5,1014.8,Rainy
2023-04-17,13.0,70.0,0.0,24.8,1012.9,Partly Cloudy
2023-04-18,15.8,59.4,0.0,15.5,1014.4,Partly Cloudy
2023-04-19,25.2,57.6,0.0,9.3,1016.0,Partly Cloudy
2023-04-20,26.3,55.8,0.0,8.0,1011.1,Partly Cloudy
2023-04-21,20.4,62.3,0.0,12.4,1009.2,Partly Cloudy
2023-04-22,23.3,56.0,0.0,11.0,1018.7,Partly Cloudy
2023-04-23,22.6,59.3,0.0,15.1,1013.4,Partly Cloudy
2023-04-24,31.7,49.1,0.0,3.5,1005.7,Sunny
2023-04-25,25.6,63.6,0.0,13.5,1014.2,Partly Cloudy
2023-04-26,21.8,62.6,0.0,7.0,1014.7,Partly Cloudy
2023-04-27,19.4,83.8,35.4,13.8,1009.9,Thunderstorm
2023-04-28,17.5,58.7,0.0,11.6,1013.5,Partly Cloudy
2023-04-29,23.5,86.8,7.4,31.7,1011.6,Rainy
2023-04-30,20.6,56.2,0.0,16.2,1018.7,Partly Cloudy
2023-05-01,18.7,61.1,0.0,11.5,1015.1,Partly Cloudy
2023-05-02,21.4,65.2,0.0,5.4,1021.8,Partly Cloudy
2023-05-03,20.2,55.9,0.0,12.2,1015.6,Partly Cloudy
2023-05-04,29.3,58.1,0.0,6.9,1017.7,Partly Cloudy
2023-05-05,26.9,83.8,48.7,26.0,1006.7,Thunderstorm
2023-05-06,24.2,57.8,0.0,12.0,1020.0,Partly Cloudy
2023-05-07,29.2,53.8,0.0,6.3,1016.5,Partly Cloudy
2023-05-08,24.9,64.1,0.0,11.6,1012.1,Partly Cloudy
2023-05-09,22.1,56.2,0.0,20.6,1017.0,Partly Cloudy
2023-05-10,29.9,47.0,0.0,20.1,1020.7,Sunny
2023-05-11,26.9,60.4,0.0,10.9,1014.2,Partly Cloudy
2023-05-12,22.1,53.2,0.0,18.1,1016.8,Partly Cloudy
2023-05-13,25.0,61.5,0.0,14.0,1015.6,Partly Cloudy
2023-05-14,22.9,65.5,0.0,3.9,1017.2,Partly Cloudy
2023-05-15,21.5,62.5,0.0,10.2,1009.1,Partly Cloudy
2023-05-16,29.1,61.7,0.0,4.2,1019.7,Partly Cloudy
2023-05-17,32.4,90.1,1.9,22.5,1006.2,Drizzle
2023-05-18,22.0,64.0,0.0,7.8,1016.2,Partly Cloudy
2023-05-19,28.4,58.3,0.0,13.8,1014.4,Partly Cloudy
2023-05-20,24.7,66.3,0.0,4.0,1016.7,Partly Cloudy
2023-05-21,25.4,91.6,17.3,18.2,1014.3,Rainy
2023-05-22,25.2,66.8,0.0,11.6,1017.4,Partly Cloudy
2023-05-23,24.5,55.7,0.0,16.0,1013.2,Partly Cloudy
2023-05-24,27.6,50.2,0.0,10.5,1019.2,Partly Cloudy
2023-05-25,25.0,80.2,10.4,17.8,1012.3,Rainy
2023-05-26,28.6,60.1,0.0,22.1,1021.6,Partly Cloudy
2023-05-27,27.8,57.7,0.0,20.2,1014.2,Partly Cloudy
2023-05-28,27.3,56.0,0.0,32.7,1012.5,Partly Cloudy
2023-05-29,25.3,60.7,0.0,36.8,1018.8,Partly Cloudy
2023-05-30,26.5,50.0,0.0,40.3,1013.0,Sunny
2023-05-31,31.0,56.3,0.0,12.4,1014.8,Partly Cloudy
2023-06-01,30.3,61.5,0.0,13.8,1010.2,Partly Cloudy
2023-06-02,25.7,60.5,0.0,32.0,1017.6,Partly Cloudy
2023-06-03,29.3,59.7,0.0,24.2,1006.6,Partly Cloudy
2023-06-04,31.5,88.4,7.6,13.8,1021.0,Rainy
2023-06-05,23.9,83.1,15.0,12.5,1013.7,Rainy
2023-06-06,31.1,52.3,0.0,3.4,1020.1,Partly Cloudy
2023-06-07,27.4,63.0,0.0,15.4,1009.4,Partly Cloudy
2023-06-08,31.4,61.3,0.0,25.1,1015.8,Partly Cloudy
2023-06-09,27.3,59.9,0.0,8.0,1015.5,Partly Cloudy
2023-06-10,24.1,57.6,0.0,8.2,1013.7,Partly Cloudy
2023-06-11,24.8,58.1,0.0,17.4,1015.0,Partly Cloudy
2023-06-12,30.2,74.5,18.1,26.8,1014.1,Rainy
2023-06-13,31.0,61.2,0.0,14.1,1018.8,Partly Cloudy
2023-06-14,27.4,62.4,0.0,8.0,1014.5,Partly Cloudy
2023-06-15,32.5,73.4,0.6,16.0,1013.8,Drizzle
2023-06-16,25.2,87.3,3.1,15.1,1012.4,Rainy
2023-06-17,30.4,57.9,0.0,17.0,1009.3,Partly Cloudy
2023-06-18,26.8,52.2,0.0,8.0,1021.5,Partly Cloudy
2023-06-19,28.7,50.5,0.0,5.7,1015.2,Partly Cloudy
2023-06-20,31.0,57.5,0.0,3.4,1011.4,Partly Cloudy
2023-06-21,28.2,54.7,0.0,8.9,1015.4,Partly Cloudy
2023-06-22,29.8,65.2,0.0,20.6,1022.0,Partly Cloudy
2023-06-23,34.4,59.0,0.0,7.3,1018.9,Partly Cloudy
2023-06-24,29.4,58.6,0.0,4.4,1014.0,Partly Cloudy
2023-06-25,34.0,82.0,18.6,10.8,1011.3,Rainy
2023-06-26,27.7,63.6,0.0,6.8,1013.0,Partly Cloudy
2023-06-27,33.1,59.0,0.0,8.9,1017.3,Partly Cloudy
2023-06-28,36.1,56.1,0.0,5.4,1014.2,Partly Cloudy
2023-06-29,23.6,53.7,0.0,19.1,1017.8,Partly Cloudy
2023-06-30,29.0,71.7,0.0,6.3,1014.2,Cloudy
2023-07-01,33.5,74.1,16.4,19.6,1012.4,Rainy
2023-07-02,31.0,79.0,49.6,13.8,1010.0,Thunderstorm
2023-07-03,32.9,71.6,21.3,12.7,1007.1,Rainy
2023-07-04,29.8,83.8,44.2,23.2,1013.5,Thunderstorm
2023-07-05,32.1,80.9,18.1,16.7,1012.7,Rainy
2023-07-06,31.4,59.3,0.0,23.3,1017.5,Partly Cloudy
2023-07-07,35.6,70.1,5.6,14.0,1008.7,Rainy
2023-07-08,32.7,60.5,0.0,6.2,1013.2,Partly Cloudy
2023-07-09,33.0,75.8,2.1,15.1,1016.6,Rainy
2023-07-10,30.6,55.0,0.0,8.4,1015.8,Partly Cloudy
2023-07-11,30.4,85.5,22.6,33.4,1006.0,Rainy
2023-07-12,30.6,57.1,0.0,8.2,1017.8,Partly Cloudy
2023-07-13,33.3,56.3,0.0,14.9,1020.3,Partly Cloudy
2023-07-14,30.7,59.7,0.0,12.2,1014.1,Partly Cloudy
2023-07-15,32.9,82.0,15.5,11.2,1011.7,Rainy
2023-07-16,38.6,50.9,0.0,7.3,1013.0,Partly Cloudy
2023-07-17,34.8,53.2,0.0,13.4,1013.0,Partly Cloudy
2023-07-18,30.9,56.7,0.0,13.4,1009.7,Partly Cloudy
2023-07-19,35.8,74.2,1.2,15.0,1020.0,Drizzle
2023-07-20,30.7,85.7,7.0,16.5,1017.6,Rainy
2023-07-21,25.4,59.3,0.0,3.9,1013.0,Partly Cloudy
2023-07-22,28.7,56.9,0.0,7.2,1018.3,Partly Cloudy
2023-07-23,25.9,88.6,46.1,25.6,1012.5,Thunderstorm
2023-07-24,30.7,55.1,0.0,8.9,1009.4,Partly Cloudy
2023-07-25,31.9,54.3,0.0,20.5,1019.9,Partly Cloudy
2023-07-26,37.2,75.7,10.6,27.2,1014.5,Rainy
2023-07-27,32.8,56.6,0.0,22.1,1015.2,Partly Cloudy
2023-07-28,31.0,82.1,8.7,32.9,1009.8,Rainy
2023-07-29,34.3,50.9,0.0,15.9,1020.6,Partly Cloudy
2023-07-30,24.5,57.3,0.0,27.3,1013.8,Partly Cloudy
2023-07-31,32.3,51.8,0.0,19.8,1017.7,Partly Cloudy
2023-08-01,34.0,75.9,9.4,8.7,1011.7,Rainy
2023-08-02,26.7,73.7,3.9,20.1,1017.1,Rainy
2023-08-03,35.0,77.8,7.2,41.8,1009.2,Rainy
2023-08-04,32.4,71.5,7.2,8.2,1016.6,Rainy
2023-08-05,29.9,78.7,1.3,17.1,1022.2,Drizzle
2023-08-06,33.2,51.7,0.0,6.1,1017.4,Partly Cloudy
2023-08-07,38.4,82.9,21.7,12.6,1012.5,Rainy
2023-08-08,31.6,75.3,8.3,13.8,1010.5,Rainy
2023-08-09,31.7,51.5,0.0,15.1,1018.8,Partly Cloudy
2023-08-10,29.4,79.3,25.5,15.0,1014.9,Rainy
2023-08-11,28.0,53.9,0.0,14.8,1012.1,Partly Cloudy
2023-08-12,33.3,86.5,28.0,36.0,1014.9,Rainy
2023-08-13,27.8,51.2,0.0,21.0,1015.5,Partly Cloudy
2023-08-14,30.7,78.8,4.0,18.4,1014.9,Rainy
2023-08-15,28.8,83.1,16.0,15.5,1011.9,Rainy
2023-08-16,31.8,59.7,0.0,15.7,1017.2,Partly Cloudy
2023-08-17,31.2,78.6,9.8,8.7,1016.3,Rainy
2023-08-18,33.4,45.0,0.0,9.4,1014.0,Sunny
2023-08-19,28.3,80.9,31.3,21.1,1013.0,Rainy
2023-08-20,28.9,88.2,4.0,18.2,1018.5,Rainy
2023-08-21,26.5,58.8,0.0,21.7,1011.3,Partly Cloudy
2023-08-22,28.1,82.9,16.9,25.1,1011.0,Rainy
2023-08-23,30.6,50.4,0.0,15.4,1009.7,Partly Cloudy
2023-08-24,31.7,49.5,0.0,10.0,1012.6,Sunny
2023-08-25,26.2,57.6,0.0,8.8,1018.8,Partly Cloudy
2023-08-26,31.8,48.1,0.0,22.5,1014.7,Sunny
2023-08-27,33.2,83.6,14.1,20.5,1015.9,Rainy
2023-08-28,30.1,76.7,5.6,12.3,1019.1,Rainy
2023-08-29,34.6,79.0,2.6,25.7,1016.0,Rainy
2023-08-30,26.0,48.2,0.0,15.1,1012.1,Sunny
2023-08-31,24.3,56.3,0.0,11.5,1014.2,Partly Cloudy
2023-09-01,22.5,78.1,15.8,23.9,1016.8,Rainy
2023-09-02,32.8,43.3,0.0,16.7,1016.4,Sunny
2023-09-03,30.0,83.7,20.0,29.7,1012.4,Rainy
2023-09-04,27.5,65.2,0.0,24.6,1020.1,Partly Cloudy
2023-09-05,28.4,62.3,0.0,9.2,1012.9,Partly Cloudy
2023-09-06,23.8,61.9,0.0,12.2,1015.7,Partly Cloudy
2023-09-07,35.0,51.9,0.0,10.2,1019.2,Partly Cloudy
2023-09-08,27.5,86.0,6.0,35.9,1018.4,Rainy
2023-09-09,27.2,88.2,15.5,24.0,1009.4,Rainy
2023-09-10,29.0,82.1,7.8,17.3,1015.0,Rainy
2023-09-11,28.1,75.8,18.6,13.1,1008.6,Rainy
2023-09-12,27.1,79.7,3.7,18.0,1009.7,Rainy
2023-09-13,23.7,67.0,0.0,2.6,1011.9,Partly Cloudy
2023-09-14,27.5,56.6,0.0,10.4,1016.6,Partly Cloudy
2023-09-15,31.9,38.6,0.0,6.8,1022.5,Sunny
2023-09-16,30.0,73.7,32.5,25.4,1009.2,Rainy
2023-09-17,30.6,53.6,0.0,10.5,1008.7,Partly Cloudy
2023-09-18,23.7,63.7,0.0,13.5,1015.1,Partly Cloudy
2023-09-19,21.9,82.9,5.4,16.8,1020.2,Rainy
2023-09-20,24.5,63.5,0.0,20.9,1017.0,Partly Cloudy
2023-09-21,24.9,55.4,0.0,21.2,1015.6,Partly Cloudy
2023-09-22,28.0,72.0,7.1,21.8,1017.2,Rainy
2023-09-23,18.9,58.0,0.0,15.0,1022.7,Partly Cloudy
2023-09-24,29.0,58.1,0.0,4.4,1015.3,Partly Cloudy
2023-09-25,23.4,84.9,1.4,16.2,1017.1,Drizzle
2023-09-26,22.4,52.8,0.0,23.0,1009.7,Partly Cloudy
2023-09-27,20.3,58.1,0.0,14.1,1014.7,Partly Cloudy
2023-09-28,18.1,74.2,0.0,10.5,1013.6,Cloudy
2023-09-29,25.8,51.5,0.0,9.5,1015.4,Partly Cloudy
2023-09-30,23.2,62.0,0.0,9.5,1014.7,Partly Cloudy
2023-10-01,18.6,50.1,0.0,13.4,1020.0,Partly Cloudy
2023-10-02,18.4,65.0,0.0,8.9,1018.1,Partly Cloudy
2023-10-03,21.3,80.0,2.2,27.2,1011.4,Rainy
2023-10-04,27.5,59.0,0.0,4.0,1014.4,Partly Cloudy
2023-10-05,21.1,53.1,0.0,18.8,1016.2,Partly Cloudy
2023-10-06,16.9,62.7,0.0,25.5,1013.5,Partly Cloudy
2023-10-07,20.8,80.1,11.0,11.5,1011.8,Rainy
2023-10-08,20.5,56.2,0.0,17.7,1009.0,Partly Cloudy
2023-10-09,12.5,90.2,5.0,20.6,1013.8,Rainy
2023-10-10,20.8,82.5,26.7,12.8,1014.2,Rainy
2023-10-11,20.0,86.9,0.7,11.1,1015.2,Drizzle
2023-10-12,22.7,58.0,0.0,16.3,1013.2,Partly Cloudy
2023-10-13,26.2,57.9,0.0,31.1,1012.0,Partly Cloudy
2023-10-14,23.7,60.7,0.0,23.7,1019.8,Partly Cloudy
2023-10-15,19.0,83.6,7.4,22.8,1013.1,Rainy
2023-10-16,16.1,56.6,0.0,16.1,1017.7,Partly Cloudy
2023-10-17,27.7,54.3,0.0,14.1,1016.7,Partly Cloudy
2023-10-18,19.5,66.2,0.0,12.1,1012.5,Partly Cloudy
2023-10-19,19.1,85.9,6.5,21.7,1011.8,Rainy
2023-10-20,18.8,56.3,0.0,7.7,1017.0,Partly Cloudy
2023-10-21,19.3,62.3,0.0,19.9,1015.5,Partly Cloudy
2023-10-22,18.0,63.1,0.0,12.6,1016.6,Partly Cloudy
2023-10-23,16.4,89.0,0.8,17.7,1006.2,Drizzle
2023-10-24,16.3,81.6,2.4,33.1,1013.8,Rainy
2023-10-25,17.7,57.5,0.0,5.7,1017.5,Partly Cloudy
2023-10-26,15.9,58.3,0.0,18.1,1011.0,Partly Cloudy
2023-10-27,15.2,60.1,0.0,26.2,1010.9,Partly Cloudy
2023-10-28,17.6,63.7,0.0,16.9,1009.6,Partly Cloudy
2023-10-29,16.2,88.0,8.2,19.4,1007.5,Rainy
2023-10-30,21.6,61.2,0.0,12.4,1012.9,Partly Cloudy
2023-10-31,8.2,71.5,0.0,19.9,1016.0,Cloudy
2023-11-01,19.9,63.5,0.0,3.2,1015.6,Partly Cloudy
2023-11-02,20.2,59.2,0.0,16.5,1015.9,Partly Cloudy
2023-11-03,9.4,58.3,0.0,10.7,1016.2,Partly Cloudy
2023-11-04,14.8,58.5,0.0,12.3,1011.3,Partly Cloudy
2023-11-05,14.5,60.9,0.0,16.5,1015.0,Partly Cloudy
2023-11-06,11.0,67.7,0.0,7.1,1012.1,Partly Cloudy
2023-11-07,12.8,62.7,0.0,8.9,1013.0,Partly Cloudy
2023-11-08,11.5,60.1,0.0,25.0,1018.3,Partly Cloudy
2023-11-09,20.5,56.1,0.0,10.3,1020.2,Partly Cloudy
2023-11-10,17.7,60.6,0.0,6.1,1018.7,Partly Cloudy
2023-11-11,18.6,65.0,0.0,16.9,1016.3,Partly Cloudy
2023-11-12,16.7,69.3,0.0,24.9,1014.6,Partly Cloudy
2023-11-13,10.6,62.7,0.0,5.6,1016.9,Partly Cloudy
2023-11-14,12.3,62.9,0.0,21.5,1012.9,Partly Cloudy
2023-11-15,15.4,55.8,0.0,26.2,1016.6,Partly Cloudy
2023-11-16,9.7,73.8,0.0,20.9,1014.2,Cloudy
2023-11-17,15.7,54.7,0.0,11.9,1014.6,Partly Cloudy
2023-11-18,12.5,68.9,0.0,22.1,1009.8,Partly Cloudy
2023-11-19,11.9,61.4,0.0,23.3,1017.9,Partly Cloudy
2023-11-20,15.2,58.9,0.0,6.4,1008.4,Partly Cloudy
2023-11-21,14.2,56.8,0.0,19.2,1016.8,Partly Cloudy
2023-11-22,11.5,98.0,10.3,18.6,1017.5,Rainy
2023-11-23,16.2,62.6,0.0,13.3,1015.7,Partly Cloudy
2023-11-24,8.8,64.6,0.0,3.9,1005.3,Partly Cloudy
2023-11-25,14.1,66.8,0.0,3.3,1012.3,Partly Cloudy
2023-11-26,13.9,59.2,0.0,13.6,1013.2,Partly Cloudy
2023-11-27,10.8,63.7,0.0,11.9,1012.6,Partly Cloudy
2023-11-28,12.7,63.2,0.0,11.8,1017.3,Partly Cloudy
2023-11-29,7.5,62.4,0.0,11.0,1014.0,Partly Cloudy
2023-11-30,14.3,93.3,8.0,12.0,1013.8,Rainy
2023-12-01,10.7,62.6,0.0,20.0,1009.6,Partly Cloudy
2023-12-02,9.4,56.5,0.0,26.0,1015.3,Partly Cloudy
2023-12-03,14.3,60.8,0.0,5.0,1016.1,Partly Cloudy
2023-12-04,8.6,65.8,0.0,18.3,1018.5,Partly Cloudy
2023-12-05,6.2,61.1,0.0,5.8,1014.6,Partly Cloudy
2023-12-06,5.6,61.7,0.0,11.0,1014.1,Partly Cloudy
2023-12-07,12.4,60.3,0.0,16.0,1018.6,Partly Cloudy
2023-12-08,6.2,71.6,0.0,8.4,1013.6,Cloudy
2023-12-09,15.8,59.2,0.0,7.6,1014.3,Partly Cloudy
2023-12-10,3.4,73.8,0.0,12.7,1012.0,Cloudy
2023-12-11,15.4,58.8,0.0,19.8,1011.4,Partly Cloudy
2023-12-12,10.5,65.4,0.0,9.4,1014.7,Partly Cloudy
2023-12-13,9.4,87.0,11.5,12.5,1016.4,Rainy
2023-12-14,7.9,68.6,0.0,9.7,1017.5,Partly Cloudy
2023-12-15,10.8,58.1,0.0,22.9,1009.7,Partly Cloudy
2023-12-16,9.3,68.0,0.0,12.9,1014.5,Partly Cloudy
2023-12-17,12.9,63.4,0.0,13.4,1009.8,Partly Cloudy
2023-12-18,9.6,86.0,13.6,15.4,1011.5,Rainy
2023-12-19,9.6,63.3,0.0,11.5,1012.7,Partly Cloudy
2023-12-20,7.9,72.5,0.0,18.6,1012.2,Cloudy
2023-12-21,8.8,65.2,0.0,13.7,1018.7,Partly Cloudy
2023-12-22,9.9,60.5,0.0,30.0,1014.1,Partly Cloudy
2023-12-23,3.4,60.6,0.0,9.7,1018.7,Partly Cloudy
2023-12-24,4.4,68.8,0.0,25.1,1015.9,Partly Cloudy
2023-12-25,11.1,64.5,0.0,5.2,1013.1,Partly Cloudy
2023-12-26,9.2,67.8,0.0,13.7,1018.1,Partly Cloudy
2023-12-27,8.0,57.5,0.0,12.7,1013.3,Partly Cloudy
2023-12-28,8.6,58.7,0.0,25.2,1019.5,Partly Cloudy
2023-12-29,9.6,69.9,0.0,10.6,1011.6,Partly Cloudy
2023-12-30,6.7,67.0,0.0,29.4,1017.0,Partly Cloudy
2023-12-31,5.8,68.3,0.0,4.8,1018.1,Partly Cloudy
2024-01-01,8.9,59.6,0.0,8.1,1019.3,Partly Cloudy
2024-01-02,5.1,61.1,0.0,8.5,1016.7,Partly Cloudy
2024-01-03,9.5,69.2,0.0,5.7,1020.7,Partly Cloudy
2024-01-04,2.7,72.1,0.0,12.8,1016.6,Cloudy
2024-01-05,11.4,83.0,0.6,15.9,1011.6,Drizzle
2024-01-06,9.6,57.8,0.0,21.6,1015.6,Partly Cloudy
2024-01-07,8.9,88.9,9.5,11.0,1017.1,Rainy
2024-01-08,11.2,59.5,0.0,36.7,1014.3,Partly Cloudy
2024-01-09,13.4,58.5,0.0,28.5,1014.6,Partly Cloudy
2024-01-10,11.3,57.2,0.0,8.9,1009.1,Partly Cloudy
2024-01-11,2.1,64.8,0.0,18.1,1012.6,Partly Cloudy
2024-01-12,3.9,60.7,0.0,9.0,1014.1,Partly Cloudy
2024-01-13,6.0,60.1,0.0,17.8,1012.3,Partly Cloudy
2024-01-14,8.1,66.3,0.0,5.4,1015.4,Partly Cloudy
2024-01-15,9.7,63.8,0.0,17.4,1015.2,Partly Cloudy
2024-01-16,5.7,68.1,0.0,10.1,1010.0,Partly Cloudy
2024-01-17,8.6,56.3,0.0,4.9,1019.9,Partly Cloudy
2024-01-18,5.6,90.8,48.5,17.2,1004.8,Thunderstorm
2024-01-19,6.1,75.9,0.0,12.6,1015.3,Cloudy
2024-01-20,3.6,64.7,0.0,14.0,1015.9,Partly Cloudy
2024-01-21,5.1,70.1,0.0,29.6,1016.7,Cloudy
2024-01-22,3.8,95.6,11.1,15.1,1012.9,Rainy
2024-01-23,5.0,70.3,0.0,11.6,1015.1,Cloudy
2024-01-24,11.6,64.2,0.0,5.2,1016.2,Partly Cloudy
2024-01-25,5.2,68.8,0.0,15.5,1017.1,Partly Cloudy
2024-01-26,16.7,64.8,0.0,11.7,1020.7,Partly Cloudy
2024-01-27,9.9,67.2,0.0,6.5,1017.2,Partly Cloudy
2024-01-28,9.0,58.8,0.0,13.6,1016.5,Partly Cloudy
2024-01-29,5.7,57.2,0.0,7.2,1014.5,Partly Cloudy
2024-01-30,10.7,56.0,0.0,34.4,1009.1,Partly Cloudy
2024-01-31,6.7,64.0,0.0,10.5,1016.8,Partly Cloudy
2024-02-01,9.0,67.4,0.0,6.1,1018.1,Partly Cloudy
2024-02-02,16.8,80.8,16.9,22.1,1014.6,Rainy
2024-02-03,8.4,69.3,0.0,5.8,1014.5,Partly Cloudy
2024-02-04,12.5,60.5,0.0,20.8,1013.2,Partly Cloudy
2024-02-05,6.6,62.9,0.0,5.7,1012.8,Partly Cloudy
2024-02-06,8.8,60.3,0.0,18.6,1012.5,Partly Cloudy
2024-02-07,14.7,52.7,0.0,21.5,1012.1,Partly Cloudy
2024-02-08,7.1,66.3,0.0,27.4,1015.8,Partly Cloudy
2024-02-09,15.0,70.6,0.0,6.0,1008.8,Cloudy
2024-02-10,11.6,63.0,0.0,7.8,1016.1,Partly Cloudy
2024-02-11,7.6,55.7,0.0,20.2,1014.7,Partly Cloudy
2024-02-12,11.5,67.3,0.0,22.5,1011.1,Partly Cloudy
2024-02-13,12.7,54.8,0.0,8.6,1013.3,Partly Cloudy
2024-02-14,11.7,82.3,5.9,9.3,1020.8,Rainy
2024-02-15,4.8,64.9,0.0,5.6,1015.0,Partly Cloudy
2024-02-16,7.6,65.6,0.0,5.7,1012.4,Partly Cloudy
2024-02-17,9.2,59.3,0.0,10.7,1019.0,Partly Cloudy
2024-02-18,9.9,62.7,0.0,14.7,1012.7,Partly Cloudy
2024-02-19,12.2,66.7,0.0,9.5,1013.8,Partly Cloudy
2024-02-20,11.0,67.9,0.0,13.6,1011.4,Partly Cloudy
2024-02-21,6.2,96.8,22.1,29.2,1013.8,Rainy
2024-02-22,11.9,72.8,0.0,8.7,1012.0,Cloudy
2024-02-23,12.7,92.0,22.0,16.8,1011.2,Rainy
2024-02-24,12.7,61.8,0.0,17.3,1009.7,Partly Cloudy
2024-02-25,14.5,66.5,0.0,16.5,1006.6,Partly Cloudy
2024-02-26,13.8,64.8,0.0,17.0,1010.4,Partly Cloudy
2024-02-27,12.8,65.4,0.0,9.6,1013.6,Partly Cloudy
2024-02-28,11.2,64.4,0.0,19.0,1008.0,Partly Cloudy
2024-02-29,6.3,60.9,0.0,13.6,1013.2,Partly Cloudy
2024-03-01,13.1,57.6,0.0,6.0,1017.7,Partly Cloudy
2024-03-02,12.6,62.5,0.0,12.9,1015.1,Partly Cloudy
2024-03-03,12.9,88.6,11.2,15.8,1011.0,Rainy
2024-03-04,8.1,61.4,0.0,3.0,1012.5,Partly Cloudy
2024-03-05,8.9,66.6,0.0,34.4,1018.4,Partly Cloudy
2024-03-06,15.9,72.0,0.0,12.9,1018.3,Cloudy
2024-03-07,12.6,54.2,0.0,32.9,1016.0,Partly Cloudy
2024-03-08,15.0,64.9,0.0,15.8,1013.4,Partly Cloudy
2024-03-09,13.1,62.4,0.0,7.0,1013.0,Partly Cloudy
2024-03-10,13.3,89.9,54.6,11.4,1006.4,Thunderstorm
2024-03-11,16.4,59.3,0.0,15.4,1017.5,Partly Cloudy
2024-03-12,11.9,62.5,0.0,14.1,1009.8,Partly Cloudy
2024-03-13,14.0,88.0,2.4,13.6,1017.9,Rainy
2024-03-14,12.4,61.5,0.0,13.6,1011.1,Partly Cloudy
2024-03-15,12.7,80.3,0.7,37.9,1012.7,Drizzle
2024-03-16,13.3,61.5,0.0,33.3,1011.2,Partly Cloudy
2024-03-17,15.1,54.9,0.0,17.3,1016.3,Partly Cloudy
2024-03-18,13.1,66.0,0.0,10.2,1015.4,Partly Cloudy
2024-03-19,18.8,51.2,0.0,14.5,1014.8,Partly Cloudy
2024-03-20,12.1,68.3,0.0,7.7,1016.4,Partly Cloudy
2024-03-21,14.6,64.3,0.0,18.0,1014.3,Partly Cloudy
2024-03-22,14.0,89.6,21.8,10.6,1007.0,Rainy
2024-03-23,20.2,49.1,0.0,14.6,1018.9,Sunny
2024-03-24,16.4,59.8,0.0,21.4,1017.0,Partly Cloudy
2024-03-25,19.3,66.0,0.0,16.5,1017.3,Partly Cloudy
2024-03-26,11.4,60.8,0.0,7.6,1015.3,Partly Cloudy
2024-03-27,17.2,55.7,0.0,25.0,1015.4,Partly Cloudy
2024-03-28,19.4,57.1,0.0,12.9,1012.7,Partly Cloudy
2024-03-29,17.0,85.9,24.4,18.0,1011.2,Rainy
2024-03-30,20.3,55.6,0.0,17.8,1014.1,Partly Cloudy
2024-03-31,15.5,68.0,0.0,0.7,1013.8,Partly Cloudy
2024-04-01,21.8,84.0,2.4,12.7,1013.9,Rainy
2024-04-02,24.9,55.3,0.0,10.4,1012.9,Partly Cloudy
2024-04-03,16.6,54.9,0.0,22.9,1015.4,Partly Cloudy
2024-04-04,16.5,63.8,0.0,4.7,1010.1,Partly Cloudy
2024-04-05,22.8,61.2,0.0,15.9,1007.4,Partly Cloudy
2024-04-06,23.4,79.7,5.0,13.1,1012.1,Rainy
2024-04-07,16.9,50.1,0.0,10.6,1014.3,Partly Cloudy
2024-04-08,17.4,63.1,0.0,7.4,1013.1,Partly Cloudy
2024-04-09,18.1,84.8,0.8,14.3,1018.2,Drizzle
2024-04-10,14.9,88.7,5.5,17.3,1013.6,Rainy
2024-04-11,16.4,71.2,0.0,11.7,1017.2,Cloudy
2024-04-12,16.4,61.3,0.0,8.0,1013.5,Partly Cloudy
2024-04-13,17.3,58.5,0.0,3.0,1017.2,Partly Cloudy
2024-04-14,19.9,54.3,0.0,7.5,1016.0,Partly Cloudy
2024-04-15,21.0,58.0,0.0,7.7,1020.6,Partly Cloudy
2024-04-16,25.4,58.6,0.0,18.0,1018.5,Partly Cloudy
2024-04-17,17.4,61.3,0.0,7.1,1013.9,Partly Cloudy
2024-04-18,24.0,67.0,0.0,8.4,1017.6,Partly Cloudy
2024-04-19,20.3,62.4,0.0,22.8,1011.8,Partly Cloudy
2024-04-20,21.1,58.9,0.0,10.3,1017.9,Partly Cloudy
2024-04-21,23.6,55.0,0.0,15.9,1013.6,Partly Cloudy
2024-04-22,18.1,62.1,0.0,7.1,1017.3,Partly Cloudy
2024-04-23,23.1,54.2,0.0,22.8,1013.8,Partly Cloudy
2024-04-24,22.6,59.9,0.0,12.5,1019.6,Partly Cloudy
2024-04-25,23.8,60.9,0.0,5.4,1016.4,Partly Cloudy
2024-04-26,23.4,57.6,0.0,18.2,1017.5,Partly Cloudy
2024-04-27,30.5,52.6,0.0,11.3,1012.4,Partly Cloudy
2024-04-28,20.8,48.8,0.0,21.3,1013.6,Sunny
2024-04-29,21.4,65.2,0.0,24.2,1018.7,Partly Cloudy
2024-04-30,21.3,86.5,22.0,15.2,1012.3,Rainy
2024-05-01,21.7,61.5,0.0,13.7,1017.3,Partly Cloudy
2024-05-02,21.6,51.6,0.0,13.0,1012.1,Partly Cloudy
2024-05-03,27.7,63.8,0.0,26.5,1011.2,Partly Cloudy
2024-05-04,28.6,54.2,0.0,7.6,1019.3,Partly Cloudy
2024-05-05,22.4,57.6,0.0,4.9,1012.5,Partly Cloudy
2024-05-06,21.8,53.9,0.0,11.3,1017.5,Partly Cloudy
2024-05-07,26.1,48.6,0.0,7.4,1015.8,Sunny
2024-05-08,23.1,64.5,0.0,11.6,1014.9,Partly Cloudy
2024-05-09,27.0,88.6,11.1,30.5,1007.9,Rainy
2024-05-10,25.8,56.9,0.0,14.9,1018.0,Partly Cloudy
2024-05-11,20.5,56.4,0.0,15.7,1012.5,Partly Cloudy
2024-05-12,30.5,53.9,0.0,11.1,1018.5,Partly Cloudy
2024-05-13,31.5,78.7,6.7,13.7,1017.7,Rainy
2024-05-14,24.0,77.4,7.2,18.1,1013.8,Rainy
2024-05-15,24.9,56.6,0.0,8.4,1014.9,Partly Cloudy
2024-05-16,27.2,57.9,0.0,15.9,1023.5,Partly Cloudy
2024-05-17,27.5,62.1,0.0,6.6,1011.5,Partly Cloudy
2024-05-18,28.7,56.6,0.0,7.6,1021.4,Partly Cloudy
2024-05-19,33.2,71.8,0.5,15.6,1015.4,Drizzle
2024-05-20,26.4,59.2,0.0,9.2,1011.0,Partly Cloudy
2024-05-21,24.6,56.9,0.0,13.8,1008.4,Partly Cloudy
2024-05-22,22.9,90.7,5.7,46.6,1015.2,Rainy
2024-05-23,25.1,65.1,0.0,22.6,1019.3,Partly Cloudy
2024-05-24,27.5,89.3,15.6,24.9,1008.8,Rainy
2024-05-25,33.5,76.8,53.5,9.1,1004.4,Thunderstorm
2024-05-26,26.3,92.4,27.7,22.3,1012.3,Rainy
2024-05-27,28.8,83.2,0.8,22.6,1016.7,Drizzle
2024-05-28,28.2,89.9,33.7,21.1,1012.1,Rainy
2024-05-29,32.2,52.6,0.0,7.8,1016.0,Partly Cloudy
2024-05-30,36.6,51.9,0.0,13.9,1014.1,Partly Cloudy
2024-05-31,27.0,58.6,0.0,15.7,1016.7,Partly Cloudy
2024-06-01,27.3,57.8,0.0,9.9,1016.3,Partly Cloudy
2024-06-02,32.3,61.4,0.0,16.6,1013.1,Partly Cloudy
2024-06-03,31.3,54.3,0.0,18.8,1019.4,Partly Cloudy
2024-06-04,35.1,59.8,0.0,11.5,1016.1,Partly Cloudy
2024-06-05,31.2,84.2,22.7,11.7,1016.6,Rainy
2024-06-06,28.3,55.6,0.0,4.1,1014.7,Partly Cloudy
2024-06-07,31.5,83.7,22.5,15.9,1017.4,Rainy
2024-06-08,33.3,52.3,0.0,7.0,1012.3,Partly Cloudy
2024-06-09,32.5,66.8,0.0,9.8,1018.9,Partly Cloudy
2024-06-10,31.6,42.0,0.0,15.6,1020.3,Sunny
2024-06-11,33.5,58.0,0.0,15.6,1016.1,Partly Cloudy
2024-06-12,33.9,45.6,0.0,9.8,1009.9,Sunny
2024-06-13,34.7,53.0,0.0,7.7,1012.9,Partly Cloudy
2024-06-14,32.5,79.6,9.4,15.8,1019.4,Rainy
2024-06-15,30.0,88.5,7.9,29.7,1017.8,Rainy
2024-06-16,31.1,52.1,0.0,3.5,1016.2,Partly Cloudy
2024-06-17,34.6,60.7,0.0,9.9,1008.3,Partly Cloudy
2024-06-18,28.2,50.8,0.0,6.2,1017.8,Partly Cloudy
2024-06-19,32.1,61.9,0.0,20.1,1017.8,Partly Cloudy
2024-06-20,29.7,53.7,0.0,15.5,1010.4,Partly Cloudy
2024-06-21,31.1,55.9,0.0,13.4,1014.4,Partly Cloudy
2024-06-22,35.2,77.2,5.7,12.3,1011.0,Rainy
2024-06-23,31.8,61.7,0.0,6.2,1017.2,Partly Cloudy
2024-06-24,31.4,60.9,0.0,15.4,1015.3,Partly Cloudy
2024-06-25,27.0,59.4,0.0,12.1,1011.1,Partly Cloudy
2024-06-26,33.8,73.7,1.5,12.5,1015.2,Drizzle
2024-06-27,33.5,51.0,0.0,12.3,1011.6,Partly Cloudy
2024-06-28,38.5,72.5,4.3,16.0,1013.2,Rainy
2024-06-29,30.6,69.5,4.6,25.9,1017.4,Rainy
2024-06-30,32.3,86.4,10.1,21.3,1013.5,Rainy
2024-07-01,32.5,53.4,0.0,11.4,1012.1,Partly Cloudy
2024-07-02,36.8,51.6,0.0,14.1,1013.0,Partly Cloudy
2024-07-03,31.5,87.9,20.5,20.6,1012.0,Rainy
2024-07-04,32.7,77.5,9.8,17.7,1019.2,Rainy
2024-07-05,33.8,50.3,0.0,5.1,1020.4,Partly Cloudy
2024-07-06,32.5,78.9,1.4,29.2,1019.5,Drizzle
2024-07-07,30.5,75.1,46.4,40.7,1009.6,Thunderstorm
2024-07-08,32.6,56.7,0.0,23.3,1016.1,Partly Cloudy
2024-07-09,35.4,52.0,0.0,21.4,1019.4,Partly Cloudy
2024-07-10,28.7,79.0,42.0,15.0,1005.6,Thunderstorm
2024-07-11,32.4,77.1,22.8,32.0,1015.4,Rainy
2024-07-12,29.8,80.5,69.3,20.4,1008.7,Thunderstorm
2024-07-13,35.8,54.1,0.0,21.8,1014.7,Partly Cloudy
2024-07-14,27.1,54.6,0.0,14.1,1012.1,Partly Cloudy
2024-07-15,30.2,54.1,0.0,6.2,1008.8,Partly Cloudy
2024-07-16,33.2,79.3,11.9,16.6,1011.5,Rainy
2024-07-17,37.0,52.3,0.0,19.3,1010.3,Partly Cloudy
2024-07-18,31.8,80.4,48.2,15.1,1011.4,Thunderstorm
2024-07-19,30.2,52.5,0.0,14.3,1008.5,Partly Cloudy
2024-07-20,38.0,57.8,0.0,10.0,1020.6,Partly Cloudy
2024-07-21,27.3,57.6,0.0,8.2,1016.5,Partly Cloudy
2024-07-22,24.9,55.5,0.0,1.3,1013.3,Partly Cloudy
2024-07-23,33.3,56.4,0.0,2.9,1019.8,Partly Cloudy
2024-07-24,30.2,80.5,1.6,12.0,1017.5,Drizzle
2024-07-25,28.5,47.9,0.0,9.4,1018.3,Sunny
2024-07-26,34.0,81.1,7.1,27.6,1014.9,Rainy
2024-07-27,32.5,49.9,0.0,7.2,1010.7,Sunny
2024-07-28,29.9,85.7,4.2,12.0,1014.3,Rainy
2024-07-29,27.5,80.8,3.7,36.0,1015.8,Rainy
2024-07-30,34.4,83.1,2.7,25.9,1023.2,Rainy
2024-07-31,33.6,76.4,14.6,53.5,1011.4,Rainy
2024-08-01,31.1,55.9,0.0,17.7,1012.6,Partly Cloudy
2024-08-02,37.3,59.1,0.0,7.4,1020.1,Partly Cloudy
2024-08-03,27.9,80.5,22.5,7.1,1011.8,Rainy
2024-08-04,26.4,79.5,13.0,20.0,1012.5,Rainy
2024-08-05,29.0,59.7,0.0,30.1,1012.1,Partly Cloudy
2024-08-06,30.9,83.8,2.8,13.3,1016.8,Rainy
2024-08-07,31.8,52.5,0.0,16.8,1017.6,Partly Cloudy
2024-08-08,30.2,46.0,0.0,6.9,1016.4,Sunny
2024-08-09,32.0,52.1,0.0,7.6,1011.1,Partly Cloudy
2024-08-10,26.7,60.7,0.0,10.6,1011.9,Partly Cloudy
2024-08-11,35.3,75.0,24.7,28.6,1011.4,Rainy
2024-08-12,30.3,55.8,0.0,13.1,1011.9,Partly Cloudy
2024-08-13,34.0,76.1,15.2,19.8,1019.8,Rainy
2024-08-14,31.5,70.7,7.6,14.1,1011.5,Rainy
2024-08-15,31.7,51.9,0.0,12.8,1018.4,Partly Cloudy
2024-08-16,32.0,83.6,16.8,18.0,1007.2,Rainy
2024-08-17,31.5,43.5,0.0,16.5,1018.2,Sunny
2024-08-18,32.0,56.5,0.0,9.6,1017.6,Partly Cloudy
2024-08-19,34.1,48.4,0.0,14.1,1013.3,Sunny
2024-08-20,30.3,58.9,0.0,2.0,1013.0,Partly Cloudy
2024-08-21,31.8,83.9,4.9,9.1,1015.6,Rainy
2024-08-22,29.1,80.5,6.6,17.8,1012.9,Rainy
2024-08-23,33.9,53.6,0.0,5.6,1013.5,Partly Cloudy
2024-08-24,27.0,78.2,36.7,21.6,1008.3,Thunderstorm
2024-08-25,34.8,47.4,0.0,11.4,1016.2,Sunny
2024-08-26,28.8,65.0,0.0,14.4,1013.5,Partly Cloudy
2024-08-27,24.2,54.0,0.0,20.2,1010.8,Partly Cloudy
2024-08-28,29.0,89.2,5.5,15.9,1017.9,Rainy
2024-08-29,26.3,78.2,9.7,9.3,1016.1,Rainy
2024-08-30,31.0,58.2,0.0,7.4,1014.9,Partly Cloudy
2024-08-31,26.1,76.9,32.5,25.8,1013.3,Rainy
2024-09-01,26.6,60.0,0.0,26.7,1020.4,Partly Cloudy
2024-09-02,21.8,82.7,18.3,14.3,1009.0,Rainy
2024-09-03,26.3,80.9,1.4,17.6,1021.5,Drizzle
2024-09-04,19.8,88.1,2.8,8.7,1015.8,Rainy
2024-09-05,22.3,56.7,0.0,16.0,1012.7,Partly Cloudy
2024-09-06,29.7,49.0,0.0,19.6,1014.2,Sunny
2024-09-07,29.6,85.0,0.6,15.5,1016.1,Drizzle
2024-09-08,28.2,76.0,15.0,23.7,1016.0,Rainy
2024-09-09,23.6,61.1,0.0,20.6,1014.0,Partly Cloudy
2024-09-10,26.4,87.3,9.1,15.1,1016.6,Rainy
2024-09-11,26.4,55.6,0.0,3.4,1014.2,Partly Cloudy
2024-09-12,22.5,64.9,0.0,5.7,1014.6,Partly Cloudy
2024-09-13,30.8,83.1,2.6,20.0,1014.2,Rainy
2024-09-14,28.6,78.1,46.4,17.7,1010.0,Thunderstorm
2024-09-15,24.9,65.0,0.0,9.8,1008.9,Partly Cloudy
2024-09-16,25.6,52.1,0.0,4.3,1013.9,Partly Cloudy
2024-09-17,26.0,55.7,0.0,7.9,1015.8,Partly Cloudy
2024-09-18,18.6,84.5,11.4,25.1,1012.5,Rainy
2024-09-19,24.1,61.4,0.0,27.1,1017.3,Partly Cloudy
2024-09-20,22.5,89.6,4.5,18.3,1015.5,Rainy
2024-09-21,21.3,64.7,0.0,3.9,1007.8,Partly Cloudy
2024-09-22,23.4,59.8,0.0,14.3,1017.3,Partly Cloudy
2024-09-23,29.9,54.6,0.0,13.3,1015.2,Partly Cloudy
2024-09-24,26.0,73.5,10.6,14.9,1014.8,Rainy
2024-09-25,21.9,77.7,17.0,13.1,1015.6,Rainy
2024-09-26,25.4,66.7,0.0,12.5,1013.7,Partly Cloudy
2024-09-27,27.8,72.7,1.6,22.7,1014.7,Drizzle
2024-09-28,26.1,78.6,5.2,15.8,1011.5,Rainy
2024-09-29,23.2,64.4,0.0,9.4,1012.6,Partly Cloudy
2024-09-30,20.7,60.8,0.0,11.9,1012.3,Partly Cloudy
2024-10-01,24.8,87.7,24.4,20.0,1014.1,Rainy
2024-10-02,23.6,61.3,0.0,13.6,1013.1,Partly Cloudy
2024-10-03,25.0,90.3,9.4,18.1,1011.6,Rainy
2024-10-04,24.0,59.9,0.0,8.5,1018.1,Partly Cloudy
2024-10-05,25.1,61.3,0.0,18.4,1016.0,Partly Cloudy
2024-10-06,19.8,56.5,0.0,23.2,1019.4,Partly Cloudy
2024-10-07,25.6,60.7,0.0,12.9,1013.0,Partly Cloudy
2024-10-08,21.8,57.3,0.0,19.3,1013.0,Partly Cloudy
2024-10-09,27.6,54.7,0.0,14.5,1010.7,Partly Cloudy
2024-10-10,18.5,90.1,12.0,11.8,1013.9,Rainy
2024-10-11,26.1,62.1,0.0,17.8,1013.6,Partly Cloudy
2024-10-12,20.9,68.1,0.0,12.6,1012.0,Partly Cloudy
2024-10-13,18.0,68.9,0.0,18.8,1017.3,Partly Cloudy
2024-10-14,18.3,65.3,0.0,27.2,1017.7,Partly Cloudy
2024-10-15,18.7,51.9,0.0,10.5,1017.2,Partly Cloudy
2024-10-16,20.8,93.8,8.7,12.1,1014.7,Rainy
2024-10-17,21.0,64.2,0.0,8.6,1017.6,Partly Cloudy
2024-10-18,17.2,57.3,0.0,17.5,1017.0,Partly Cloudy
2024-10-19,18.8,64.1,0.0,17.3,1012.4,Partly Cloudy
2024-10-20,25.5,52.6,0.0,18.0,1015.3,Partly Cloudy
2024-10-21,24.0,61.5,0.0,10.4,1014.1,Partly Cloudy
2024-10-22,19.6,53.6,0.0,13.7,1016.7,Partly Cloudy
2024-10-23,18.2,56.7,0.0,13.0,1016.8,Partly Cloudy
2024-10-24,18.2,89.3,1.2,30.8,1014.0,Drizzle
2024-10-25,19.6,90.5,3.1,14.8,1014.2,Rainy
2024-10-26,14.2,63.9,0.0,9.1,1012.7,Partly Cloudy
2024-10-27,16.4,60.0,0.0,9.9,1011.1,Partly Cloudy
2024-10-28,11.7,52.7,0.0,21.8,1017.1,Partly Cloudy
2024-10-29,18.1,59.7,0.0,19.2,1012.4,Partly Cloudy
2024-10-30,18.7,63.2,0.0,6.0,1018.2,Partly Cloudy
2024-10-31,14.9,60.5,0.0,5.8,1008.8,Partly Cloudy
2024-11-01,21.3,84.4,9.1,20.9,1016.0,Rainy
2024-11-02,12.1,62.2,0.0,12.4,1012.9,Partly Cloudy
2024-11-03,11.2,61.9,0.0,3.8,1018.3,Partly Cloudy
2024-11-04,16.4,61.8,0.0,6.0,1015.5,Partly Cloudy
2024-11-05,18.8,59.1,0.0,12.7,1010.4,Partly Cloudy
2024-11-06,20.7,66.9,0.0,40.9,1017.5,Partly Cloudy
2024-11-07,13.6,51.5,0.0,17.9,1008.4,Partly Cloudy
2024-11-08,18.4,57.9,0.0,7.4,1015.0,Partly Cloudy
2024-11-09,14.6,57.8,0.0,25.5,1012.1,Partly Cloudy
2024-11-10,14.0,63.5,0.0,6.8,1013.8,Partly Cloudy
2024-11-11,17.2,61.5,0.0,9.1,1013.6,Partly Cloudy
2024-11-12,16.3,69.6,0.0,25.1,1019.3,Partly Cloudy
2024-11-13,8.9,98.0,3.9,11.8,1015.8,Rainy
2024-11-14,18.5,56.7,0.0,27.3,1011.4,Partly Cloudy
2024-11-15,18.0,60.8,0.0,3.1,1016.0,Partly Cloudy
2024-11-16,11.5,64.4,0.0,16.2,1014.6,Partly Cloudy
2024-11-17,14.6,58.2,0.0,14.3,1019.6,Partly Cloudy
2024-11-18,14.7,65.3,0.0,21.1,1016.6,Partly Cloudy
2024-11-19,13.8,61.3,0.0,14.0,1011.6,Partly Cloudy
2024-11-20,11.0,58.3,0.0,14.6,1018.8,Partly Cloudy
2024-11-21,10.5,62.4,0.0,8.7,1012.8,Partly Cloudy
2024-11-22,12.4,83.1,1.2,16.1,1014.3,Drizzle
2024-11-23,16.0,66.8,0.0,25.9,1015.7,Partly Cloudy
2024-11-24,13.9,96.9,27.4,21.0,1011.7,Rainy
2024-11-25,10.8,64.9,0.0,17.6,1016.5,Partly Cloudy
2024-11-26,14.3,62.8,0.0,14.6,1016.2,Partly Cloudy
2024-11-27,2.6,67.7,0.0,11.6,1012.2,Partly Cloudy
2024-11-28,15.2,67.8,0.0,4.0,1016.3,Partly Cloudy
2024-11-29,5.8,96.5,58.1,28.6,1000.9,Thunderstorm
2024-11-30,10.1,63.4,0.0,18.6,1014.1,Partly Cloudy
2024-12-01,7.5,66.3,0.0,13.1,1016.7,Partly Cloudy
2024-12-02,6.8,68.5,0.0,7.9,1012.1,Partly Cloudy
2024-12-03,14.5,56.5,0.0,19.4,1013.1,Partly Cloudy
2024-12-04,9.2,70.4,0.0,7.6,1020.0,Cloudy
2024-12-05,11.7,72.0,0.0,17.8,1018.1,Cloudy
2024-12-06,10.3,69.7,0.0,9.0,1015.3,Partly Cloudy
2024-12-07,11.8,57.1,0.0,15.2,1019.8,Partly Cloudy
2024-12-08,10.4,54.0,0.0,24.6,1008.7,Partly Cloudy
2024-12-09,6.0,69.1,0.0,13.9,1012.5,Partly Cloudy
2024-12-10,13.2,58.9,0.0,16.8,1015.0,Partly Cloudy
2024-12-11,8.3,66.1,0.0,30.7,1016.0,Partly Cloudy
2024-12-12,4.8,73.8,0.0,15.7,1016.8,Cloudy
2024-12-13,8.3,61.4,0.0,7.4,1020.9,Partly Cloudy
2024-12-14,14.3,60.4,0.0,18.1,1020.2,Partly Cloudy
2024-12-15,12.2,64.5,0.0,10.8,1009.3,Partly Cloudy
2024-12-16,8.2,58.2,0.0,27.6,1010.3,Partly Cloudy
2024-12-17,8.1,61.0,0.0,10.6,1016.7,Partly Cloudy
2024-12-18,8.1,64.9,0.0,10.6,1012.3,Partly Cloudy
2024-12-19,15.7,60.2,0.0,16.7,1013.5,Partly Cloudy
2024-12-20,10.2,67.0,0.0,15.0,1013.1,Partly Cloudy
2024-12-21,10.3,98.0,23.3,23.0,1015.8,Rainy
2024-12-22,12.1,63.7,0.0,10.0,1020.4,Partly Cloudy
2024-12-23,9.5,60.0,0.0,19.4,1011.5,Partly Cloudy
2024-12-24,7.9,71.9,0.0,4.6,1020.9,Cloudy
2024-12-25,8.0,56.9,0.0,9.4,1015.4,Partly Cloudy
2024-12-26,8.3,82.7,28.4,22.5,1011.8,Rainy
2024-12-27,8.4,61.7,0.0,3.9,1016.4,Partly Cloudy
2024-12-28,10.8,62.3,0.0,16.2,1014.1,Partly Cloudy
2024-12-29,8.6,61.5,0.0,14.8,1017.0,Partly Cloudy
2024-12-30,10.7,63.6,0.0,8.5,1013.8,Partly Cloudy
2024-12-31,8.0,66.2,0.0,16.3,1014.6,Partly Cloudy
2022-02-15,7.5,87.0,24.2,44.3,1007.3,Rainy
2022-08-19,27.6,80.3,24.1,19.3,1010.5,Rainy
2023-08-24,31.7,49.5,0.0,10.0,1012.6,Sunny
